2023-01-29 10:26:05.307147; update_journal; [8, 3, '4 5 5 4 4']
2023-01-29 10:27:11.156878; update_journal; [8, 5, '5 5 5']
2023-01-29 10:28:12.722497; update_journal; [8, 3, '5 4 4 3 5']
2023-01-29 10:31:37.257027; update_journal; [8, 5, '5 5 5']
2023-01-29 10:32:38.046206; update_journal; [8, 2, '3 3 4']
2023-01-29 10:35:48.606664; update_journal; [8, 8, '3 3 3']
2023-01-29 10:36:23.960671; update_journal; [8, 5, '5 5 5']
2023-01-29 10:40:39.162698; update_journal; [8, 8, '3 3 3']
2023-01-29 10:41:57.101919; update_journal; [8, 5, '4 4 4 3']
2023-01-29 10:54:54.051618; update_journal; [8, 8, '3 3 3']
2023-01-29 10:55:17.591651; update_journal; [8, 5, '5 5 5']
2023-01-29 10:55:46.808727; update_journal; [10, 3, '5 5 5 5']
2023-01-29 10:56:01.705216; update_journal; [10, 4, '4 5 3 5']
2023-01-29 10:56:21.628859; update_journal; [10, 4, '3 3 3 3']
2023-01-29 10:56:39.440855; update_journal; [10, 5, '5 5 5']
2023-01-29 10:57:46.748513; update_journal; [10, 2, '4 4 4']
2023-01-29 11:01:31.383654; update_journal; [1, 3, '5 4 5']
2023-01-29 11:01:50.164488; update_journal; [1, 5, '5 5 3']
2023-01-29 11:02:04.731042; update_journal; [10, 8, '3 5 4']
2023-01-29 11:02:18.361736; update_journal; [10, 5, '5 4 5 4']
2023-01-29 11:04:20.125215; update_journal; [1, 1, '5 5']
2023-01-29 11:10:11.567984; update_journal; [2, 1, '5 5 4']
